Beyonce, Solange
Katy Perry, Zooey Deschanel
Hilary, Haley Duff
Ben Affleck, Casey Affleck
James Franco, Dave Franco
Kaley Cuoco, Brianna Cuoco
Penelope Cruz, Monica Cruz
Dax Shephard, Zach Braff
Luke Wilson, Owen Wilson
Bryce Dallas Howard, Jessica Chastain
Sarah Hyland, Mila Kunis
Selma Blair, Kris Jenner
Amber Heard, Scarlett Johansson
Natalie Portman, Keira Knightley
Lily Collins, Jennifer Connelly
Margot Robbie, Jaime Pressly
Margot Robbie, Jamie King
Jamie King, Jaime Pressly
Edie Falco, Jane Lynch
Minka Kelly, Leighton Meester
Angelina Jolie, Megan Fox
Victoria Justice, Nina Dobrev
America Ferrera, Jordin Sparks
Zoe Saldana, Thandie Newton
Elizabeth Banks, Rachel McAdams
Rachel Bilson, Nora Zehetner
Penelope Cruz, Paz Vega
Jada Pinkett Smith, Zoe Saldana
Will Ferrell, Chad Smith
Emily Kinney, Evanna Lynch
Chord Overstreet, Austin Butler
Henry Cavill, Matt Bomer
Alicia Silverstone, Kristen Stewart
Rachel Bilson, Selena Gomez
Dane Cook, Skylar Astin
Chandra Wilson, Alex Newell
Chace Crawford, Ian Somerhalder
Jeremy Irons, Daniel Day Lewis
Ellen Barkin, Cameron Diaz
Jai Courtney, Phillip Phillips
Zachary Quinto, Eli Roth
Dana Delany, Mimi Rogers
Drea de Matteo, Portia de Rossi
Emmanuelle Chriqui, JWoww
Benicio Del Toro, Brad Pitt
Jennifer Garner, Hilary Swank
Christy Burlington, Jessica Biel
Georgia May Jagger, Lara Stone
Demi Moore, Courtney Cox
Richard Hammond, David Tennant
kristen wilson, angelina jolie
dave coulier, jeff daniels
Stephen Colbert, Bob Saget
Robin Williams, Bono
Carlos Bardem, Jackie Chan
Alicia Keys, Jessica Alba
Carmen Electra, Lauren Conrad
Daniel Radcliffe, Elijah Wood
Jennifer Coolidge, Daryl Hannah
Kris Humphries, Taylor Lautner
Mark Tomlin, Omar Epps
Peter Jackson, Jason Segel
Pee Wee Herman, Alan Cumming
Ice Cube, OShea Jackson Jr
Renee Zellweger, Joey Lauren Adams
Kenny G, Weird Al
Krysten Ritter, Anne Hathaway
Kofi Anan, Morgan Freeman
Elias Koteas, Christopher Meloni
Helen Hunt, Leelee Sobieski
William Dafoe, Dennis leary
Jeff Bridges, Kurt Russel
Hugh Jackman, Clint Eastwood
Jon Stewart, Richard Lewis
Tony Hayward, Michael Sheen
Michael Sheen, y serkis
Tony Hayward, y serkis
Roselyn Sanchez, Nicole Scherzinger
Amanda Peet, Lake Bell
Penn Badgley, John Mayer
Mickey Rourke, Tim Robbins
Shia LeBeouf, Dave Gahan
Ginnifer Goodwin, Jennifer Morrison
Patricia Arquette, Emilie de Ravin
Ray Romano, Sanjay Gupta
Wendie Malick, Kate Walsh
Kelly Lynch, Angela Kinsey
Courteney Cox, Nelly Furtado
Jeffrey Tambor, Dr Phil
David Cross, Paul Giamatti
Seth MacFarlane, Christopher Knight
Josh Duhamel, Timothy Olyphant
Barak Obama, Ilham Anas
Ronda Rousey, Julia Stiles
Ralph Finnies, Daniel Day Lewis
Patrick, Don Swaze
Aahley Olsen, Elizabeth olsen
Mary-Kay Olsen, Elizabeth olsen
Venus, Serena Williams
Helen Mirin Young, Jennifer Lawrence
Joseph Gorden Levitt, Heath Ledger
Javier Bardem, Geoffrey Dean Morgan
Tom Hardy, Logan Marshall Green
Carrie Underwood, Emily Osment
Tracy Morgan, Doug E. Fresh
Gigi Hadid, Bella Hadid
Isaac Mizrahi, JJ Abrams
Rob Lowe, Ian Somerhalder
Patrick Dempsey, guillaume canet
Zooey Kravitz, Lisa Bonet
Jonathan Pryce, Pope Francis
ben mckenzie, russell crowe
Jesse Plemons, Matt Damon
laura benanti, melania trump
DB Woodside, Morris Chestnut
Nora Zehetner, Priscilla Faia
Jameel a Jamil, Hannah Simone
Bridget Regan, Abigail Spencer
Josh McRoberts, Charlie Day
Dane Cook, Gavin Degraw
Jana Kramer, camille leblanc-bazinet
Amy Sedaris, kyra sedgwick
Billie Eilish, Cara Delevigne
Lili Reinhart, Brittany Murphy
Tyler the Creator, J. Alexander
Neels Visser, Austin Butler
Emma Watson, Kiernan Shipka
Skrillex, Corey Feldman
Jennifer Lawrence, bella hadid
Jennifer Lawrence, carla bruni
bella hadid, carla bruni
Eva Mendes, Ashley Graham
Emma Stone, Jane Levy
Julie Bowen, Elizabeth Banks
David Fumero, Ed Westwick
Ana Gasteyer, Kathryn Hahn
Eliza Coupe, Jordan Hinson
Missy Peregrym, Hilary Swank
Terry Notary, Jim Carrey
Penelope, Monica cruz
John Mayer, Carl Mayer
Mamie Gummer, Grace Gummer
Brandon Jenner, Brody Jenner
Ansel Elgort, Warren Elgort
Zooey Deschanel, Emily Deschanel
Ralph Fiennes, Joseph Fiennes
Amy Mccarthy, Jenny Mccarthy
Brittany Spears, Jamie Lynn Spears
Ashlee Simpson, Jessica Simpson
Usher Raymond, James Lackey
Jonathan Rhys Meyers, Justin Bartha
Dianna Agron, Annabelle Wallis
Josephine Langford, Jordan Hinson
Liam Hemsworth, Chris Hemsworth
Kim Kardashian West, Khloe Kardashian
Khloe Kardashian, Kourtney Kardashian
Kim Kardashian West, Kourtney Kardashian
Cameron Diaz, Chimene Diaz
Miley Cyrus, Noah Cyrus
Lindsay Lohan, Aliana Lohan
Eddie Murphy, Charley Murphey
Joe Jonas, Nick Jonas
Joe Jonas, Kevin Jonas
Joe Jonas, Frankie Jonas
Nick Jonas, Kevin Jonas
Nick Jonas, Frankie Jonas
Kevin Jonas, Frankie Jonas
Kate Middleton, Pippa Middleton
Mark Wahlberg, Paul Wahlberg
Mark Wahlberg, James Wahlberg
Mark Wahlberg, Arthur Wahlberg
Mark Wahlberg, Robert Wahlberg
Paul Wahlberg, James Wahlberg
Paul Wahlberg, Arthur Wahlberg
Paul Wahlberg, Robert Wahlberg
James Wahlberg, Arthur Wahlberg
James Wahlberg, Robert Wahlberg
Arthur Wahlberg, Robert Wahlberg
Alec Baldwin, Daniel Baldwin
Alec Baldwin, Stephen Baldwin
Alec Baldwin, William Baldwin
Daniel Baldwin, Stephen Baldwin
Daniel Baldwin, William Baldwin
Stephen Baldwin, William Baldwin
Bette Midler, Sophie von Haselberg
Elle Fanning, Dakota Fanning
Burn Gorman, Willem Dafoe
Sharlto Copley, Iddo Golberg
Rooney Mara, Kate Mara
Reese Witherspoon, Ava Phillippe
Cindy Crawford, Kaia Gerber
Demi Moore, Rumor Willis
Goldie Hawn, Kate Hudson
Olivia Munn, Nichole Bloom
Paris Berelc, Chrissy Teigen
arden cho, Greta lee
grace huang, constance wu
grace huang, alisa Allapach
constance wu, alisa Allapach
Willow Smith, Jaden Smith
augusta xu-holland, emma appleton
Paris Hilton, Nicole Hilton
brenda song, jeannie mai
Alexa davalos, kristin kreuk
Gigi Hadid, Gemma Chan
Deborah Cox, Nicole Ari Parker
Rita Ora, Rihanna
matt barnes, Christopher Williams
India Love, Karrueche
Jessica White, Eugena Washington
Amber Riley, Raven Goodwin
Angell Conwell, Jennifer Hudson
Allen Leech, Niall Horan
Kevin Alejandro, Jonathan Rhys Meyers
Billie Eilish, Pyper America
Guillermo Zapata, George Clooney
Ruby Rose, Serinda Swan
Alicia Vikander, Margarita Levieva
Luke Youngblood, Donald Glover
ellen page, zoey deutch
camila cabello, Anya Chalotra
Janelle Monae, Rasheeda Frost
Bruce Darnell, Lance Reddick
Eric Stoltz, Michael J Fox
Reid Scott, Ben Feldman
Alicia Vikander, Niv Sultan
Oliver Hudson, Lucas Bravo
Natalia lafourcade, Lily allen
Natasha Leggero, Eliza dushku
tatiana maslany, marguerite moreau
Tina Majorino, Michael Weston
Vinessa Shaw, Eliza Taylor
James Patrick Stuart, Christian Bale
Stana Katic, Elizabeth Reaser
Serinda Swan, Kirsten Storms
Brad Pitt, Guy Pearce
Chris O'Donnell, Stephen Amell
Emily Hand, Alicia Silverstone
